epoch,total_loss,pde_u_loss,pde_v_loss,pde_loss,ic_loss,bc_loss,learning_rate
1,6.53607422e+03,5.40139587e+02,5.97582471e+03,6.51596436e+03,1.99227965e+00,3.73612791e-02,9.99999994e-04
250,3.28657341e+00,9.89143848e-01,2.24139452e+00,3.23053837e+00,8.00980488e-04,9.60504916e-03,9.99618373e-04
500,5.73336411e+00,1.50198340e+00,4.21134758e+00,5.71333122e+00,3.56836594e-04,3.29295127e-03,9.98474080e-04
750,1.31802578e+01,3.21568012e+00,9.95217514e+00,1.31678553e+01,3.75018717e-04,1.73060200e-03,9.96568886e-04
1000,2.95569032e-01,8.30779895e-02,2.04589963e-01,2.87667960e-01,7.19671079e-05,1.43628020e-03,9.93905729e-04
1250,2.02102169e-01,5.56731783e-02,1.40895113e-01,1.96568295e-01,4.17925912e-05,1.02318719e-03,9.90488714e-04
1500,1.28908977e-01,3.62165309e-02,8.84316042e-02,1.24648139e-01,3.06744878e-05,7.90819176e-04,9.86323111e-04
1750,1.63897657e+00,3.95329028e-01,1.23866642e+00,1.63399541e+00,3.74806768e-05,9.21282102e-04,9.81415342e-04
2000,7.91301131e-02,2.24273428e-02,5.33658490e-02,7.57931918e-02,2.03682866e-05,6.26647612e-04,9.75772976e-04
2250,6.01591989e-02,1.71549823e-02,4.03729863e-02,5.75279668e-02,1.45868107e-05,4.97073168e-04,9.69404711e-04
2500,5.91989458e-02,1.56208565e-02,4.15387824e-02,5.71596399e-02,1.02366821e-05,3.87387408e-04,9.62320369e-04
2750,5.01793213e-02,1.47637269e-02,3.33367698e-02,4.81004976e-02,1.00883599e-05,3.95587529e-04,9.54530871e-04
3000,1.81261981e+00,4.46041793e-01,1.36467493e+00,1.81071675e+00,2.67375599e-05,3.27125425e-04,9.46048229e-04
3250,2.70280149e-02,7.89187569e-03,1.77286528e-02,2.56205276e-02,7.45954731e-06,2.66578281e-04,9.36885524e-04
3500,3.03400844e-01,7.22559616e-02,2.29992419e-01,3.02248389e-01,1.37200695e-05,2.03049785e-04,9.27056881e-04
3750,1.53739331e-02,4.64647356e-03,9.68428142e-03,1.43307550e-02,4.79225537e-06,1.99051268e-04,9.16577458e-04
4000,1.36734946e-02,3.56883998e-03,9.32697766e-03,1.28958179e-02,3.45468379e-06,1.48626015e-04,9.05463412e-04
4250,1.03621148e-02,2.97338469e-03,6.68102549e-03,9.65441018e-03,3.02633862e-06,1.35488255e-04,8.93731881e-04
4500,7.62892328e-03,2.26023584e-03,4.76046652e-03,7.02070259e-03,2.38054190e-06,1.16883049e-04,8.81400953e-04
4750,7.10221706e-03,2.00512703e-03,4.58828593e-03,6.59341272e-03,1.70023009e-06,9.83604405e-05,8.68489642e-04
5000,8.61245811e-01,1.72918707e-01,6.87792063e-01,8.60710740e-01,7.64667675e-06,9.17252255e-05,8.55017857e-04
5250,5.14658308e-03,1.52419938e-03,3.24037927e-03,4.76457877e-03,1.46407911e-06,7.34726636e-05,8.41006369e-04
5500,7.35590933e-03,2.01283861e-03,4.98951646e-03,7.00235507e-03,1.88930392e-06,6.69323199e-05,8.26476784e-04
5750,1.76267549e-02,4.42934642e-03,1.29168881e-02,1.73462350e-02,5.89013325e-07,5.49258984e-05,8.11451505e-04
6000,3.30691226e-03,1.08601572e-03,1.96834607e-03,3.05436179e-03,9.98932705e-07,4.85122146e-05,7.95953700e-04
6250,5.43576293e-02,1.27145937e-02,4.14202251e-02,5.41348197e-02,2.51755068e-06,3.95269781e-05,7.80007265e-04
6500,2.02705967e-03,6.69131463e-04,1.18704455e-03,1.85617595e-03,5.67657025e-07,3.30414478e-05,7.63636790e-04
6750,3.35272565e-03,9.54481016e-04,2.22919951e-03,3.18368059e-03,8.09182268e-07,3.21906555e-05,7.46867515e-04
7000,4.94815409e-02,1.09322723e-02,3.84027213e-02,4.93349954e-02,2.09301038e-06,2.51233141e-05,7.29725297e-04
7250,1.67753883e-02,4.14771587e-03,1.25068203e-02,1.66545361e-02,1.12328814e-06,2.19237863e-05,7.12236570e-04
7500,2.26847152e-03,6.32573385e-04,1.53382844e-03,2.16640183e-03,5.39355881e-07,1.93352553e-05,6.94428299e-04
7750,1.78730453e-03,5.89651056e-04,1.09762908e-03,1.68728014e-03,4.21599850e-07,1.91616855e-05,6.76327943e-04
8000,1.01230410e-03,3.22203297e-04,6.11324096e-04,9.33527364e-04,3.22230477e-07,1.51108779e-05,6.57963412e-04
8250,1.65959832e-03,5.93277859e-04,9.82308993e-04,1.57558685e-03,4.45911354e-07,1.59104911e-05,6.39363023e-04
8500,1.10133330e-03,3.59781494e-04,6.76879892e-04,1.03666144e-03,3.34781816e-07,1.22647907e-05,6.20555455e-04
8750,6.75289154e-01,1.47434592e-01,5.27691245e-01,6.75125837e-01,1.13023116e-05,1.00644011e-05,6.01569709e-04
9000,8.46616342e-04,2.65917828e-04,5.29884826e-04,7.95802684e-04,2.50380197e-07,9.66197240e-06,5.82435060e-04
9250,1.94703698e-01,4.55851518e-02,1.49023995e-01,1.94609150e-01,5.31799060e-06,8.27208441e-06,5.63181012e-04
9500,7.74674874e-04,2.20401475e-04,5.16236003e-04,7.36637507e-04,2.07595122e-07,7.19228319e-06,5.43837252e-04
9750,1.58793665e-03,4.28724277e-04,1.08351593e-03,1.51224015e-03,2.77530944e-07,1.45842314e-05,5.24433609e-04
10000,6.79009303e-04,1.89823841e-04,4.39766009e-04,6.29589835e-04,1.93994950e-07,9.49590049e-06,5.05000000e-04
10250,5.43448143e-04,1.53524801e-04,3.51458875e-04,5.04983705e-04,1.44003764e-07,7.40487167e-06,4.85566391e-04
10500,7.35752378e-03,2.13107071e-03,5.17929904e-03,7.31036998e-03,7.12113319e-07,8.00648559e-06,4.66162748e-04
10750,8.41906935e-04,2.50747922e-04,5.54496539e-04,8.05244432e-04,3.78779987e-07,6.57494138e-06,4.46818988e-04
11000,5.60262473e-04,1.70272237e-04,3.59058991e-04,5.29331213e-04,2.54930285e-07,5.67638835e-06,4.27564940e-04
11250,6.22033782e-04,1.53205881e-04,4.42162680e-04,5.95368561e-04,2.21270966e-07,4.89050217e-06,4.08430291e-04
11500,3.97043565e-04,1.16330288e-04,2.58492772e-04,3.74823052e-04,1.63454686e-07,4.11719157e-06,3.89444545e-04
11750,3.96255549e-04,1.13238224e-04,2.64539820e-04,3.77778051e-04,1.48390853e-07,3.39871804e-06,3.70636977e-04
12000,3.04690446e-04,9.43289851e-05,1.94934415e-04,2.89263407e-04,1.16229103e-07,2.85295164e-06,3.52036588e-04
12250,3.18304257e-04,1.01352438e-04,2.01746647e-04,3.03099077e-04,1.18370110e-07,2.80429367e-06,3.33672057e-04
12500,2.83256144e-04,8.60716755e-05,1.84451987e-04,2.70523655e-04,1.01385368e-07,2.34372783e-06,3.15571701e-04
12750,6.25819608e-04,2.22390212e-04,3.64711304e-04,5.87101502e-04,2.68904955e-07,7.20580783e-06,2.97763430e-04
13000,3.20835010e-04,1.04205916e-04,1.92486928e-04,2.96692830e-04,1.11399700e-07,4.60563524e-06,2.80274703e-04
13250,3.92032758e-04,1.09910463e-04,2.64227914e-04,3.74138384e-04,7.37874331e-08,3.43130023e-06,2.63132485e-04
13500,3.27852176e-04,9.60003017e-05,2.17465131e-04,3.13465425e-04,8.50628510e-08,2.70722489e-06,2.46363210e-04
13750,2.74666178e-04,7.95062006e-05,1.83283948e-04,2.62790156e-04,7.37938208e-08,2.22761969e-06,2.29992735e-04
14000,2.71439843e-04,8.26987161e-05,1.78677583e-04,2.61376292e-04,6.10957969e-08,1.89052230e-06,2.14046300e-04
14250,2.37461165e-04,6.80583835e-05,1.60279669e-04,2.28338060e-04,6.04482011e-08,1.70372459e-06,1.98548495e-04
14500,2.30143865e-04,6.46507979e-05,1.57040937e-04,2.21691735e-04,5.65153577e-08,1.57739714e-06,1.83523216e-04
14750,2.30007761e-04,6.49320864e-05,1.57238581e-04,2.22170667e-04,5.85508566e-08,1.45031743e-06,1.68993631e-04
15000,2.79002823e-03,7.86399702e-04,1.99512136e-03,2.78152106e-03,1.50143165e-07,1.40111808e-06,1.54982143e-04
15250,6.62547769e-04,1.92500986e-04,4.63152304e-04,6.55653304e-04,4.31464393e-08,1.29259411e-06,1.41510358e-04
15500,2.45737901e-04,7.28852247e-05,1.65166566e-04,2.38051784e-04,7.05976149e-08,1.39603185e-06,1.28599047e-04
15750,2.41232716e-04,6.97834184e-05,1.64468511e-04,2.34251929e-04,4.92771193e-08,1.29760190e-06,1.16268119e-04
16000,2.29637793e-04,6.75316842e-05,1.55538699e-04,2.23070383e-04,5.17288505e-08,1.21002449e-06,1.04536588e-04
16250,2.15509179e-04,6.03932203e-05,1.48751642e-04,2.09144870e-04,5.04692892e-08,1.17192258e-06,9.34225419e-05
16500,2.12840343e-04,6.01131796e-05,1.46573992e-04,2.06687168e-04,4.95873564e-08,1.13146007e-06,8.29431186e-05
16750,2.10985192e-04,5.81415588e-05,1.46853490e-04,2.04995042e-04,4.94033756e-08,1.09922280e-06,7.31144765e-05
17000,2.91948061e-04,8.39572022e-05,2.02131647e-04,2.86088849e-04,5.84370667e-08,1.05496758e-06,6.39517705e-05
17250,2.11468301e-04,5.87057693e-05,1.47159066e-04,2.05864839e-04,4.57992542e-08,1.02909428e-06,5.54691290e-05
17500,2.34919411e-04,6.14113087e-05,1.67901206e-04,2.29312514e-04,5.08756202e-08,1.01962928e-06,4.76796314e-05
17750,2.11078193e-04,5.89319570e-05,1.46747392e-04,2.05679346e-04,4.29277520e-08,9.93913318e-07,4.05952887e-05
18000,2.21468334e-04,6.23430024e-05,1.53780653e-04,2.16123648e-04,4.21800515e-08,9.84575763e-07,3.42270244e-05
18250,2.18296700e-04,5.99365994e-05,1.53017536e-04,2.12954139e-04,4.71630841e-08,9.74185582e-07,2.85846580e-05
18500,1.99585251e-04,5.48499265e-05,1.39483294e-04,1.94333217e-04,4.43913706e-08,9.61621254e-07,2.36768894e-05
18750,1.98055757e-04,5.46670053e-05,1.38259929e-04,1.92926935e-04,4.37391456e-08,9.38287542e-07,1.95112862e-05
19000,1.97015193e-04,5.41979607e-05,1.37783863e-04,1.91981817e-04,4.21916369e-08,9.22290894e-07,1.60942714e-05
19250,2.04535172e-04,5.62946661e-05,1.43300247e-04,1.99594913e-04,3.85450463e-08,9.10960580e-07,1.34311138e-05
19500,2.71688448e-04,7.20759490e-05,1.94615888e-04,2.66691844e-04,5.06685609e-08,8.97979589e-07,1.15259198e-05
19750,1.92985492e-04,5.33089260e-05,1.34810078e-04,1.88119011e-04,4.15867447e-08,8.90123488e-07,1.03816271e-05
20000,1.95746819e-04,5.42511334e-05,1.36701608e-04,1.90952735e-04,4.02157880e-08,8.78384583e-07,1.00000000e-05
